Timestep,NormalizedN,RadiusX,RadiusY,RadiusZ,RadiusZStd,VelocityZ
1,1,8.1439,8.1945,8.3318,1.9834,-4.8142
2,0.9995,8.2278,8.1438,8.3983,1.9814,-4.8138
3,0.999,8.1715,8.1389,8.3817,1.9764,-4.808
4,0.9985,8.1308,8.0824,8.4345,1.9734,-4.8079
5,0.998,8.0971,8.078,8.4903,1.9716,-4.8117
6,0.998,8.0549,8.053,8.5337,1.9822,-4.8182
7,0.997,8.0115,8.0357,8.5571,1.987,-4.8256
8,0.9965,7.9646,8.0008,8.5585,2.0108,-4.8327
9,0.9955,7.9414,7.9717,8.5763,2.0386,-4.8386
10,0.994,7.9201,7.953,8.6296,2.0545,-4.8424
11,0.993,7.8947,7.9244,8.624,2.0727,-4.8445
12,0.9915,7.8508,7.8817,8.6194,2.0946,-4.8449
13,0.9905,7.8025,7.8244,8.5811,2.113,-4.8428
14,0.99,7.7829,7.7651,8.6006,2.1374,-4.8385
15,0.9875,7.8036,7.743,8.5946,2.1433,-4.8333
16,0.9845,7.8157,7.7357,8.5668,2.1376,-4.8259
17,0.98,7.8372,7.7474,8.574,2.1179,-4.8177
18,0.9765,7.8581,7.7442,8.5366,2.1119,-4.8092
19,0.974,7.8942,7.7446,8.4935,2.111,-4.8003
20,0.9715,7.9272,7.7576,8.4772,2.1085,-4.7904
21,0.9705,7.9595,7.7805,8.4473,2.1111,-4.7794
22,0.9695,8.0111,7.8141,8.4279,2.0999,-4.7688
23,0.97,8.0322,7.8601,8.3934,2.0899,-4.7586
24,0.971,8.0322,7.8878,8.3497,2.0718,-4.7487
25,0.9715,8.0418,7.9209,8.3386,2.0526,-4.7378
26,0.9715,8.0484,7.9452,8.3043,2.0298,-4.7272
27,0.971,8.0614,7.9584,8.2958,1.9937,-4.7162
28,0.971,8.0721,7.9882,8.2727,1.9723,-4.7041
29,0.9715,8.0855,8.0362,8.2532,1.9429,-4.69
30,0.972,8.1295,8.0897,8.2232,1.9165,-4.6746
31,0.9725,8.1674,8.1492,8.1829,1.8944,-4.6588
32,0.9735,8.1979,8.1927,8.15,1.8948,-4.6434
33,0.9735,8.2366,8.2386,8.1125,1.8768,-4.628
34,0.974,8.2713,8.2816,8.0597,1.863,-4.6128
35,0.974,8.2909,8.3218,7.9972,1.8473,-4.5988
36,0.9745,8.2881,8.378,7.9247,1.8233,-4.5866
37,0.9745,8.2818,8.4186,7.8372,1.8025,-4.5761
38,0.9745,8.2781,8.4329,7.7667,1.7774,-4.5677
39,0.9745,8.2631,8.4481,7.696,1.7529,-4.5622
40,0.9745,8.2547,8.4605,7.6426,1.7331,-4.5585
41,0.9745,8.2654,8.4662,7.5826,1.7336,-4.5551
42,0.9745,8.2603,8.4585,7.5395,1.7417,-4.5524
43,0.9745,8.2522,8.4402,7.5131,1.7513,-4.551
44,0.9745,8.2547,8.4095,7.5034,1.7857,-4.5504
45,0.9745,8.264,8.3754,7.5095,1.8094,-4.551
46,0.9745,8.2672,8.351,7.5254,1.8246,-4.5535
47,0.9745,8.2795,8.3359,7.5443,1.8364,-4.5574
48,0.9745,8.2932,8.3193,7.579,1.844,-4.5629
49,0.9745,8.2858,8.2728,7.6399,1.8546,-4.5684
50,0.9745,8.2484,8.2419,7.7262,1.8711,-4.5738
51,0.9745,8.2406,8.2284,7.8374,1.8905,-4.578
52,0.9745,8.2385,8.2184,7.9496,1.9192,-4.5809
53,0.9745,8.2394,8.2139,8.0345,1.9325,-4.5818
54,0.9745,8.2565,8.202,8.1398,1.9502,-4.5805
55,0.9745,8.2905,8.1826,8.2236,1.9729,-4.5771
56,0.974,8.317,8.164,8.3309,1.9928,-4.5715
57,0.9725,8.3236,8.1441,8.4054,1.985,-4.565
58,0.9715,8.3392,8.1599,8.4301,1.9847,-4.5581
59,0.97,8.388,8.1797,8.4472,1.9848,-4.5501
60,0.97,8.4189,8.1874,8.4176,1.9745,-4.5405
61,0.9695,8.4493,8.1955,8.3937,1.9455,-4.5301
62,0.969,8.479,8.2063,8.3749,1.9204,-4.5199
63,0.969,8.487,8.2193,8.3283,1.9063,-4.5095
64,0.9685,8.4913,8.2473,8.2964,1.8891,-4.4992
65,0.9685,8.4998,8.2902,8.2277,1.8709,-4.4881
66,0.969,8.5357,8.3408,8.1642,1.8404,-4.476
67,0.969,8.5712,8.3837,8.1117,1.8135,-4.4631
68,0.9695,8.6014,8.4224,8.0281,1.7985,-4.4505
69,0.9695,8.6217,8.4636,7.9522,1.7782,-4.4364
70,0.9695,8.6511,8.5134,7.9442,1.7599,-4.4236
71,0.9695,8.6798,8.5685,7.9601,1.7358,-4.4117
72,0.9695,8.7214,8.617,7.9897,1.7085,-4.4006
73,0.9695,8.7559,8.6468,7.9018,1.6894,-4.3907
74,0.97,8.7939,8.6637,7.8115,1.6854,-4.3817
75,0.97,8.8131,8.6725,7.7292,1.6688,-4.3741
76,0.97,8.8227,8.6555,7.6626,1.6563,-4.3682
77,0.9695,8.8305,8.6301,7.6137,1.6522,-4.3643
78,0.9695,8.845,8.6193,7.5837,1.6531,-4.3628
79,0.9695,8.8459,8.5968,7.4839,1.6599,-4.3638
80,0.9695,8.832,8.5873,7.3862,1.6696,-4.3672
81,0.9695,8.7873,8.5962,7.2844,1.6941,-4.3724
82,0.9695,8.7425,8.6003,7.3071,1.7148,-4.3794
83,0.9695,8.6813,8.6111,7.3323,1.7478,-4.3867
84,0.9695,8.6214,8.6175,7.3463,1.7727,-4.3964
85,0.9695,8.5761,8.6458,7.3775,1.7843,-4.4076
86,0.9695,8.5469,8.6635,7.4239,1.799,-4.416
87,0.9695,8.523,8.6571,7.4798,1.81,-4.4254
88,0.9695,8.4937,8.6328,7.542,1.8364,-4.4341
89,0.9695,8.475,8.6044,7.6092,1.8538,-4.4404
90,0.9695,8.4697,8.566,7.7021,1.8714,-4.4442
91,0.9695,8.4738,8.5402,7.8241,1.8924,-4.4458
92,0.9695,8.4815,8.5095,7.9456,1.9144,-4.4456
93,0.9695,8.5024,8.5018,8.0587,1.9315,-4.4438
94,0.9695,8.5396,8.4966,8.1799,1.9352,-4.44
95,0.9695,8.5674,8.4946,8.239,1.9355,-4.4345
96,0.969,8.5867,8.4885,8.2845,1.9287,-4.4276
97,0.9685,8.6106,8.5072,8.3321,1.9023,-4.4189
98,0.9685,8.6387,8.518,8.3689,1.8755,-4.4082
99,0.967,8.6717,8.5472,8.3668,1.8414,-4.3962
100,0.967,8.7133,8.5714,8.3427,1.8272,-4.3826
101,0.967,8.7676,8.6029,8.328,1.8296,-4.3681
102,0.9665,8.8257,8.6113,8.3298,1.8215,-4.3527
103,0.966,8.8663,8.6146,8.3124,1.8088,-4.3373
104,0.966,8.8875,8.6246,8.3158,1.7829,-4.3213
105,0.966,8.9403,8.6577,8.3177,1.745,-4.3053
106,0.9655,9.0068,8.7053,8.308,1.7044,-4.2903
107,0.9655,9.0717,8.7634,8.3027,1.6759,-4.2762
108,0.965,9.1407,8.8041,8.3077,1.6574,-4.263
109,0.965,9.1866,8.838,8.3116,1.639,-4.2509
110,0.9655,9.2072,8.8863,8.2307,1.6273,-4.24
111,0.9655,9.2015,8.9472,8.1538,1.6181,-4.2306
112,0.965,9.1814,9.0052,8.0668,1.6108,-4.2229
113,0.965,9.1697,9.0504,8.0034,1.608,-4.2171
114,0.9645,9.1415,9.0719,7.9453,1.6116,-4.2139
115,0.9645,9.1014,9.0674,7.8931,1.6146,-4.2129
116,0.9645,9.051,9.049,7.8494,1.615,-4.2144
117,0.9645,8.9964,9.0371,7.8218,1.6232,-4.2179
118,0.9645,8.9452,9.0176,7.8086,1.6359,-4.2228
119,0.9645,8.9263,8.9573,7.8991,1.6499,-4.229
120,0.9645,8.9263,8.8807,7.8477,1.6627,-4.2358
121,0.9645,8.9335,8.7946,7.8029,1.6714,-4.2425
122,0.9645,8.9602,8.7078,7.7806,1.688,-4.2486
123,0.9645,8.988,8.6356,7.7759,1.7124,-4.2536
124,0.964,9.0045,8.5756,7.7841,1.7198,-4.2579
125,0.964,9.0219,8.5242,7.8017,1.7252,-4.2607
126,0.964,9.0406,8.4733,7.8257,1.736,-4.2622
127,0.964,9.0666,8.4522,7.8538,1.7443,-4.2629
128,0.964,9.0708,8.4638,7.7578,1.7579,-4.2633
129,0.964,9.0583,8.4846,7.8032,1.7681,-4.2634
130,0.964,9.0718,8.5154,7.8378,1.7718,-4.2634
131,0.964,9.0732,8.5545,7.8419,1.7826,-4.2633
132,0.9635,9.0538,8.6109,7.8168,1.775,-4.2631
133,0.9635,9.0228,8.667,7.7884,1.7628,-4.2625
134,0.9635,8.9956,8.7186,7.767,1.7524,-4.2609
135,0.9635,8.9632,8.7823,7.7514,1.7426,-4.258
136,0.9635,8.9469,8.829,7.74,1.7409,-4.2541
137,0.9635,8.9514,8.8593,7.7053,1.7368,-4.2485
138,0.9635,8.9677,8.8743,7.6641,1.7353,-4.241
139,0.9635,8.9736,8.8844,7.6171,1.7329,-4.2321
140,0.9635,8.9699,8.9013,7.5642,1.7212,-4.2225
141,0.963,8.9598,8.9102,7.5055,1.7029,-4.2124
142,0.963,8.9778,8.9318,7.4227,1.6846,-4.2013
143,0.963,9.0041,8.9699,7.3011,1.6665,-4.1896
144,0.963,9.0564,8.9967,7.137,1.6382,-4.1776
145,0.963,9.0893,9.0189,6.9453,1.6182,-4.1662
146,0.963,9.0996,9.0302,6.8819,1.6097,-4.1552
147,0.963,9.1027,9.0692,6.827,1.6016,-4.145
148,0.963,9.1038,9.1266,6.7815,1.5946,-4.1358
149,0.963,9.1015,9.1803,6.7455,1.5779,-4.1281
150,0.963,9.1193,9.2055,6.7181,1.5572,-4.1224
151,0.963,9.1444,9.2246,6.6908,1.5604,-4.1189
152,0.963,9.1695,9.2356,6.6646,1.5628,-4.1172
153,0.963,9.1704,9.2379,6.6395,1.5717,-4.1174
154,0.963,9.1608,9.2545,6.6185,1.5718,-4.119
155,0.963,9.1569,9.2907,6.6037,1.5815,-4.1214
156,0.963,9.1527,9.307,6.5934,1.5986,-4.1247
157,0.963,9.1296,9.3116,6.5869,1.6093,-4.1284
158,0.963,9.1414,9.3164,6.5846,1.6119,-4.1327
159,0.963,9.1773,9.3271,6.5878,1.6034,-4.1369
160,0.963,9.2077,9.3088,6.5989,1.5917,-4.1414
161,0.963,9.2317,9.2834,6.6261,1.5947,-4.1441
162,0.963,9.2672,9.2677,6.6891,1.604,-4.1463
163,0.963,9.3154,9.2312,6.7669,1.6225,-4.1473
164,0.963,9.3623,9.172,6.8484,1.6392,-4.1474
165,0.963,9.4162,9.1254,6.9304,1.661,-4.1467
166,0.963,9.4702,9.0777,7.017,1.6708,-4.1459
167,0.963,9.5098,9.0194,7.1217,1.6748,-4.1451
168,0.963,9.5278,8.9483,7.2441,1.6782,-4.1441
169,0.963,9.5303,8.9035,7.3811,1.6819,-4.143
170,0.963,9.5197,8.8654,7.526,1.6845,-4.1414
171,0.963,9.5082,8.8213,7.6628,1.688,-4.1393
172,0.963,9.4946,8.7759,7.7953,1.6892,-4.1369
173,0.963,9.4906,8.7564,7.8681,1.6893,-4.1342
174,0.963,9.4832,8.7544,7.9331,1.696,-4.1314
175,0.963,9.4879,8.7646,7.9888,1.7071,-4.1288
176,0.963,9.474,8.7867,8.0275,1.7146,-4.1261
177,0.9625,9.4357,8.8264,8.0506,1.7145,-4.1237
178,0.9625,9.3879,8.8577,8.0627,1.7057,-4.1214
179,0.9625,9.3594,8.8862,8.068,1.6885,-4.1194
180,0.9625,9.3292,8.9266,8.0699,1.67,-4.116
181,0.9625,9.2874,9.0023,8.0702,1.6617,-4.1128
182,0.9625,9.2463,9.0877,8.0924,1.6524,-4.1085
183,0.9625,9.2289,9.1584,8.1235,1.6396,-4.1024
184,0.9625,9.2182,9.2055,8.1641,1.6326,-4.0943
185,0.9625,9.2087,9.2431,8.2113,1.6376,-4.0846
186,0.962,9.2112,9.2898,8.226,1.6325,-4.0737
187,0.962,9.2367,9.3406,8.244,1.6236,-4.0619
188,0.962,9.2761,9.3878,8.2663,1.6081,-4.0496
189,0.962,9.3284,9.4415,8.081,1.5807,-4.0372
190,0.9615,9.3933,9.4746,7.8764,1.5563,-4.0257
191,0.9615,9.4444,9.4804,7.6993,1.5414,-4.0155
192,0.9615,9.4598,9.4825,7.5193,1.5396,-4.0077
193,0.961,9.4784,9.4918,7.3348,1.5415,-4.0029
194,0.961,9.5048,9.4977,7.1438,1.5536,-4.0012
195,0.961,9.5256,9.4987,6.9849,1.5622,-4.0027
196,0.961,9.5194,9.4857,6.8208,1.5688,-4.0065
197,0.961,9.4796,9.4834,6.6483,1.5664,-4.0126
198,0.961,9.4313,9.4674,6.6758,1.565,-4.019
199,0.961,9.3836,9.4441,6.7117,1.5654,-4.0259
200,0.961,9.3514,9.4612,6.7455,1.5566,-4.0317
201,0.961,9.3418,9.498,6.7799,1.5544,-4.0353
202,0.961,9.3368,9.5436,6.8254,1.5562,-4.0369
203,0.961,9.3355,9.5949,6.8872,1.5572,-4.0363
204,0.961,9.3387,9.6518,6.9665,1.563,-4.0337
205,0.961,9.3398,9.7059,7.0634,1.5859,-4.0297
206,0.961,9.3782,9.7273,7.1788,1.6127,-4.0247
207,0.961,9.4258,9.7355,7.314,1.6205,-4.0197
208,0.961,9.4694,9.7383,7.471,1.6194,-4.0145
209,0.961,9.5047,9.6985,7.6525,1.6104,-4.0098
210,0.961,9.5373,9.6403,7.7735,1.6009,-4.0053
211,0.961,9.5582,9.5758,7.9076,1.5932,-4.0014
212,0.961,9.5841,9.5264,8.0529,1.6,-3.9979
213,0.961,9.6296,9.4709,8.1168,1.6073,-3.9948
214,0.9605,9.6951,9.4088,8.1757,1.6019,-3.9922
215,0.9605,9.7287,9.3568,8.2314,1.5983,-3.9898
216,0.9605,9.7389,9.331,8.2124,1.6077,-3.9877
217,0.96,9.7412,9.3226,8.1791,1.6102,-3.9863
218,0.96,9.7449,9.3231,8.1312,1.6151,-3.9857
219,0.96,9.7424,9.3176,8.1482,1.6201,-3.9861
220,0.9595,9.7506,9.2992,8.1478,1.6163,-3.9872
221,0.9595,9.749,9.2567,8.1289,1.6109,-3.989
222,0.9595,9.7242,9.2175,8.1782,1.5978,-3.9911
223,0.9595,9.6999,9.1998,8.1713,1.5953,-3.9927
224,0.9595,9.6802,9.2014,8.1631,1.6007,-3.9935
225,0.9595,9.656,9.2037,8.2269,1.6029,-3.9925
226,0.958,9.6446,9.2153,8.1033,1.5877,-3.9901
227,0.9575,9.6457,9.2359,7.9701,1.5925,-3.9859
228,0.9575,9.6632,9.2543,7.8237,1.595,-3.9778
229,0.9575,9.676,9.2867,7.6607,1.5936,-3.9676
230,0.957,9.6985,9.3505,7.4778,1.575,-3.9551
231,0.957,9.7347,9.4198,7.2798,1.5527,-3.9415
232,0.957,9.7598,9.4757,7.1147,1.5335,-3.9276
233,0.957,9.7872,9.5209,6.9255,1.5185,-3.9134
234,0.957,9.8294,9.5508,6.7098,1.508,-3.9006
235,0.957,9.8731,9.553,6.6655,1.5012,-3.8894
236,0.957,9.9131,9.5392,6.6135,1.4882,-3.8803
237,0.957,9.9335,9.5297,6.5557,1.4873,-3.8742
238,0.957,9.9321,9.5276,6.4988,1.4718,-3.8707
239,0.957,9.9165,9.5244,6.4426,1.4502,-3.8699
240,0.957,9.8845,9.5165,6.3848,1.4385,-3.8714
241,0.957,9.8614,9.5201,6.3221,1.4501,-3.8747
242,0.957,9.8355,9.5346,6.2665,1.4654,-3.8792
243,0.957,9.805,9.5514,6.2206,1.4817,-3.8843
244,0.957,9.7586,9.5928,6.181,1.4984,-3.8896
245,0.957,9.7078,9.645,6.1748,1.5042,-3.8943
246,0.957,9.6697,9.686,6.1967,1.4996,-3.8978
247,0.957,9.6593,9.7098,6.2354,1.5051,-3.8996
248,0.957,9.6559,9.7287,6.2874,1.5197,-3.8996
249,0.957,9.6641,9.7527,6.3523,1.5245,-3.8977
250,0.957,9.6732,9.7651,6.431,1.5293,-3.8938
251,0.957,9.7025,9.7541,6.5096,1.5373,-3.8879
252,0.957,9.759,9.733,6.584,1.548,-3.8804
253,0.957,9.8349,9.7033,6.6573,1.5457,-3.8714
254,0.957,9.9053,9.6665,6.7015,1.5363,-3.862
255,0.957,9.9544,9.6407,6.7215,1.5227,-3.8525
256,0.957,9.9987,9.6399,6.7235,1.511,-3.8434
257,0.957,10.05,9.6441,6.712,1.4984,-3.8351
258,0.957,10.104,9.643,6.6903,1.4917,-3.8282
259,0.957,10.159,9.6469,6.6615,1.484,-3.8227
260,0.957,10.215,9.665,6.6314,1.477,-3.8188
261,0.957,10.254,9.6918,6.6057,1.467,-3.8164
262,0.957,10.277,9.7135,6.5856,1.4605,-3.8153
263,0.957,10.283,9.7511,6.5724,1.4529,-3.8155
264,0.957,10.291,9.7885,6.5672,1.4527,-3.8167
265,0.957,10.293,9.8125,6.5712,1.4496,-3.8181
266,0.957,10.278,9.8226,6.5853,1.4453,-3.8194
267,0.957,10.261,9.827,6.61,1.4368,-3.82
268,0.957,10.232,9.8393,6.6457,1.4278,-3.8193
269,0.957,10.196,9.856,6.6891,1.4343,-3.817
270,0.957,10.172,9.873,6.736,1.4429,-3.813
271,0.957,10.161,9.8963,6.7861,1.4462,-3.8072
272,0.957,10.164,9.9274,6.8391,1.4491,-3.8
273,0.957,10.163,9.9652,6.8944,1.4511,-3.7919
274,0.957,10.144,10.008,6.9521,1.4597,-3.7839
275,0.957,10.129,10.049,7.0123,1.4664,-3.7765
276,0.957,10.12,10.079,7.0754,1.4701,-3.77
277,0.957,10.129,10.087,7.1422,1.4765,-3.7654
278,0.957,10.126,10.103,7.2138,1.4813,-3.7625
279,0.957,10.093,10.124,7.2913,1.4917,-3.7618
280,0.957,10.03,10.133,7.3764,1.492,-3.7633
281,0.957,9.9882,10.109,7.4706,1.4851,-3.7665
282,0.957,9.9722,10.053,7.5753,1.4862,-3.7707
283,0.957,9.9699,9.9962,7.6919,1.4747,-3.7748
284,0.957,9.9895,9.955,7.8215,1.4634,-3.7781
285,0.957,10.014,9.9311,7.6899,1.4586,-3.78
286,0.957,10.027,9.9147,7.5376,1.4585,-3.7801
287,0.957,10.053,9.8727,7.3615,1.4667,-3.7783
288,0.957,10.092,9.8335,7.1719,1.4746,-3.7747
289,0.9565,10.146,9.8167,6.9936,1.4724,-3.7694
290,0.9565,10.183,9.8285,6.8177,1.4708,-3.7628
291,0.9565,10.213,9.8774,6.6366,1.4635,-3.7539
292,0.9565,10.265,9.9312,6.4444,1.4454,-3.7434
293,0.9565,10.31,9.9718,6.2359,1.423,-3.7314
294,0.9565,10.351,9.998,6.282,1.4063,-3.7183
295,0.9565,10.405,10.02,6.3391,1.3974,-3.7049
296,0.9565,10.462,10.068,6.4081,1.3941,-3.6909
297,0.9565,10.522,10.109,6.4766,1.3889,-3.6772
298,0.9565,10.601,10.143,6.518,1.3868,-3.6643
299,0.9565,10.682,10.173,6.5397,1.38,-3.6531
300,0.9565,10.749,10.188,6.5476,1.3668,-3.6441
301,0.9565,10.786,10.177,6.5466,1.3531,-3.6377
302,0.9565,10.793,10.157,6.5406,1.3345,-3.6343
303,0.9565,10.772,10.149,6.5328,1.3164,-3.6336
304,0.9565,10.744,10.142,6.5261,1.3081,-3.6358
305,0.9565,10.71,10.112,6.5225,1.3103,-3.6406
306,0.9565,10.676,10.082,6.5235,1.3195,-3.6475
307,0.9565,10.64,10.043,6.5303,1.3325,-3.6564
308,0.9565,10.603,10.008,6.5434,1.3509,-3.6665
309,0.9565,10.565,9.977,6.5631,1.3801,-3.6771
310,0.9565,10.512,9.9458,6.5894,1.4065,-3.6876
311,0.9565,10.474,9.9243,6.6219,1.4235,-3.6972
312,0.9565,10.47,9.928,6.6601,1.4303,-3.7051
313,0.9565,10.462,9.9587,6.7031,1.429,-3.7112
314,0.9565,10.45,10.004,6.7502,1.4282,-3.7145
315,0.9565,10.44,10.046,6.8005,1.4374,-3.7157
316,0.9565,10.43,10.092,6.8537,1.4498,-3.7142
317,0.9565,10.422,10.148,6.9097,1.4578,-3.7102
318,0.9565,10.435,10.22,6.9686,1.4613,-3.7042
319,0.9565,10.481,10.309,7.0305,1.464,-3.6962
320,0.9565,10.528,10.387,7.096,1.4689,-3.6871
321,0.9565,10.562,10.424,7.1659,1.4652,-3.6778
322,0.9565,10.584,10.449,7.2413,1.4598,-3.6691
323,0.9565,10.621,10.486,7.3234,1.452,-3.6617
324,0.9565,10.663,10.531,7.4136,1.4397,-3.6557
325,0.9565,10.695,10.568,7.513,1.4281,-3.6513
326,0.9565,10.716,10.577,7.623,1.4153,-3.6483
327,0.9565,10.713,10.563,7.745,1.4114,-3.6464
328,0.9565,10.686,10.538,7.7662,1.4134,-3.6449
329,0.9565,10.667,10.522,7.7919,1.4075,-3.6433
330,0.9565,10.649,10.509,7.8217,1.4,-3.6415
331,0.9565,10.635,10.475,7.8549,1.3936,-3.6392
332,0.956,10.613,10.423,7.8912,1.3788,-3.6365
333,0.956,10.602,10.365,7.93,1.3784,-3.6329
334,0.956,10.599,10.32,7.9709,1.3825,-3.6284
335,0.956,10.605,10.286,7.9123,1.3848,-3.6227
336,0.956,10.614,10.256,7.849,1.396,-3.6156
337,0.956,10.627,10.231,7.8941,1.4015,-3.6074
338,0.956,10.633,10.225,7.9425,1.3944,-3.5981
339,0.9555,10.658,10.239,7.9948,1.3724,-3.588
340,0.9555,10.715,10.272,8.0519,1.3613,-3.5771
341,0.9555,10.782,10.313,8.0666,1.3445,-3.5656
342,0.9555,10.838,10.353,8.0798,1.3264,-3.5539
343,0.9555,10.885,10.386,8.0924,1.3165,-3.5424
344,0.9555,10.936,10.433,8.1437,1.3182,-3.5316
345,0.955,10.999,10.499,8.1979,1.3077,-3.5225
346,0.955,11.06,10.569,8.2566,1.3036,-3.5154
347,0.955,11.103,10.63,8.008,1.3045,-3.5106
348,0.9545,11.128,10.69,7.7424,1.2962,-3.5084
349,0.9545,11.125,10.743,7.4595,1.2904,-3.5088
350,0.9545,11.092,10.768,7.2064,1.2755,-3.5116
351,0.954,11.048,10.767,6.942,1.2566,-3.5168
352,0.954,11,10.765,6.6652,1.2613,-3.5232
353,0.954,10.95,10.749,6.4373,1.2748,-3.5305
354,0.954,10.894,10.719,6.1977,1.2976,-3.5377
355,0.954,10.842,10.676,5.9445,1.3262,-3.5442
356,0.954,10.828,10.626,5.9884,1.3521,-3.5493
357,0.954,10.825,10.574,6.0385,1.3665,-3.5525
358,0.954,10.831,10.536,6.0939,1.3718,-3.5536
359,0.954,10.852,10.528,6.1539,1.373,-3.5524
360,0.954,10.869,10.557,6.2177,1.3716,-3.5491
361,0.954,10.877,10.596,6.2849,1.3734,-3.5439
362,0.954,10.87,10.63,6.3549,1.3751,-3.5372
363,0.954,10.877,10.673,8.383,1.3723,-3.5292
364,0.954,10.896,10.724,8.4564,1.3676,-3.5205
365,0.954,10.912,10.78,8.5325,1.3626,-3.5113
366,0.954,10.928,10.844,8.6114,1.3502,-3.5021
367,0.954,10.94,10.903,8.6938,1.4364,-3.5106
368,0.9535,10.94,10.957,8.7802,1.3232,-3.478
369,0.9535,10.933,10.999,8.8714,1.3146,-3.4724
370,0.9535,10.946,11.036,8.9682,1.3071,-3.4651
371,0.9535,10.998,11.078,9.0716,1.3027,-3.4577
372,0.9535,11.154,11.111,7.2273,1.2979,-3.4509
373,0.9535,11.363,11.137,7.3484,1.2967,-3.4447
374,0.9535,11.607,11.137,7.4788,1.2919,-3.4389
375,0.9535,11.879,11.139,7.6195,1.282,-3.4337
376,0.954,12.172,11.143,7.7716,1.275,-3.4284
377,0.954,12.474,11.139,7.7719,1.2662,-3.4241
378,0.954,12.773,11.128,7.774,1.2611,-3.4202
379,0.954,13.035,11.122,7.778,1.2587,-3.4169
380,0.954,13.225,11.109,7.7839,1.2532,-3.414
381,0.9535,13.249,11.105,7.7913,1.2361,-3.4115
382,0.9535,13.159,11.12,7.801,1.2356,-3.4093
383,0.9535,12.965,11.162,7.9035,1.2364,-3.4071
384,0.9535,12.723,11.198,7.9188,1.2323,-3.4051
385,0.9535,12.466,11.223,7.8781,1.2343,-3.4032
386,0.9535,12.21,11.243,8.006,1.2399,-3.4014
387,0.9535,11.967,11.27,8.0134,1.2505,-3.3999
388,0.953,11.754,11.281,8.0225,1.2531,-3.3988
389,0.9525,11.578,11.303,8.0335,1.2574,-3.3975
390,0.9525,11.443,11.319,8.0468,1.2713,-3.3963
391,0.952,11.368,11.319,8.0625,1.2776,-3.3955
392,0.952,11.348,11.294,7.9907,1.2819,-3.3949
393,0.952,11.328,11.261,8.0006,1.2798,-3.3942
394,0.952,11.284,11.23,7.9151,1.2782,-3.3934
395,0.952,11.217,11.199,7.8158,1.2809,-3.3924
396,0.952,11.146,11.159,7.8387,1.2778,-3.3911
397,0.9515,11.063,11.135,7.862,1.2684,-3.3896
398,0.9505,11.002,11.113,7.8856,1.2563,-3.388
399,0.9505,10.961,11.093,7.9095,1.2589,-3.386
400,0.9505,10.916,11.078,7.9336,1.2636,-3.3839
401,0.9505,10.872,11.074,7.937,1.2723,-3.3816
402,0.9505,10.851,11.069,7.9219,1.2858,-3.3791
403,0.9505,10.857,11.054,7.9549,1.2984,-3.3764
404,0.9505,10.903,11.05,7.9936,1.3006,-3.3732
405,0.95,10.968,11.063,8.0385,1.2947,-3.3699
406,0.9495,11.052,11.067,8.0896,1.2878,-3.3662
407,0.949,11.135,11.065,8.147,1.2834,-3.3623
408,0.949,11.235,11.058,8.1271,1.2834,-3.3577
409,0.949,11.352,11.046,8.1095,1.281,-3.3526
410,0.949,11.476,11.044,8.1148,1.2788,-3.3468
411,0.949,11.597,11.054,7.9939,1.2821,-3.3402
412,0.948,11.721,11.095,7.973,1.2713,-3.3331
413,0.948,11.834,11.147,7.9509,1.2775,-3.325
414,0.948,11.943,11.205,7.9271,1.2812,-3.316
415,0.9475,12.047,11.269,7.9008,1.2715,-3.3066
416,0.9475,12.132,11.338,7.8715,1.2585,-3.2965
417,0.9475,12.184,11.421,7.9227,1.2408,-3.2859
418,0.9475,12.215,11.534,7.9456,1.2275,-3.2752
419,0.9475,12.229,11.664,7.84,1.2167,-3.2643
420,0.9475,12.227,11.798,7.8818,1.2075,-3.2535
421,0.9475,12.224,11.916,7.9235,1.1982,-3.243
422,0.947,12.225,12.017,7.9655,1.1869,-3.2331
423,0.946,12.241,12.118,8.0082,1.1701,-3.2238
424,0.946,12.279,12.217,8.0522,1.1684,-3.2149
425,0.946,12.341,12.302,8.0782,1.171,-3.2068
426,0.946,12.42,12.363,8.0738,1.1719,-3.1993
427,0.946,12.506,12.397,7.9633,1.1711,-3.1925
428,0.946,12.597,12.414,7.9763,1.1745,-3.1865
429,0.9455,12.682,12.412,7.994,1.1681,-3.1813
430,0.945,12.764,12.392,8.0167,1.1629,-3.1768
431,0.9445,12.845,12.375,8.0449,1.1613,-3.173
432,0.9445,12.906,12.365,8.079,1.1625,-3.1697
433,0.9445,12.958,12.359,8.0601,1.1677,-3.167
434,0.9445,13,12.358,8.0627,1.177,-3.1648
435,0.9445,13.032,12.366,8.0317,1.1895,-3.1629
436,0.9445,13.053,12.364,8.1367,1.1994,-3.1611
437,0.9435,13.074,12.342,8.0765,1.1887,-3.1597
438,0.9435,13.104,12.317,8.0159,1.1984,-3.1577
439,0.942,13.119,12.299,7.9543,1.1784,-3.1554
440,0.942,13.107,12.284,7.8914,1.1805,-3.1519
441,0.9415,13.07,12.25,7.8266,1.1727,-3.1477
442,0.9415,13.008,12.207,7.8186,1.1681,-3.1424
443,0.9415,12.961,12.167,7.8123,1.1629,-3.1366
444,0.9415,12.933,12.136,7.844,1.1583,-3.1301
445,0.9415,12.927,12.119,7.8314,1.1587,-3.1235
446,0.9415,12.936,12.127,7.9921,1.162,-3.1166
447,0.9415,12.948,12.145,8.1052,1.169,-3.1096
448,0.941,12.964,12.176,8.2259,1.1667,-3.1027
449,0.9405,13,12.202,8.3845,1.1648,-3.0961
450,0.9405,13.058,12.224,8.4188,1.1785,-3.0895
451,0.9395,13.123,12.244,8.4575,1.1722,-3.0835
452,0.9395,13.154,12.249,8.4521,1.1853,-3.0774
453,0.9385,13.165,12.257,8.4665,1.1999,-3.0782
454,0.9375,13.161,12.264,8.4242,1.186,-3.0647
455,0.938,13.144,12.263,8.3846,1.2069,-3.0593
456,0.9375,13.114,12.254,8.4043,1.2164,-3.0542
457,0.937,13.072,12.259,8.378,1.2229,-3.0491
458,0.9365,13.002,12.283,8.3224,1.2265,-3.0442
459,0.9365,12.915,12.322,8.288,1.2407,-3.0394
460,0.9365,12.827,12.372,8.2542,1.2601,-3.0349
461,0.936,12.768,12.432,8.27,1.2712,-3.0304
462,0.936,12.722,12.498,8.2792,1.2924,-3.0256
463,0.935,12.681,12.571,8.3661,1.2896,-3.0207
464,0.935,12.645,12.654,8.4094,1.3001,-3.0151
465,0.935,12.62,12.745,8.3332,1.3059,-3.009
466,0.9345,12.63,12.819,8.3036,1.303,-3.0028
467,0.934,12.676,12.88,8.2752,1.3006,-2.9961
468,0.9335,12.751,12.928,8.2716,1.3023,-2.9887
469,0.933,12.839,12.966,8.268,1.3085,-2.9806
470,0.933,12.933,13.006,8.2641,1.3248,-2.9717
471,0.933,13.046,13.039,8.255,1.3458,-2.9622
472,0.932,13.179,13.061,8.2419,1.3536,-2.9527
473,0.932,13.333,13.077,8.2407,1.3741,-2.9423
474,0.932,13.507,13.092,8.3015,1.3933,-2.9316
475,0.9315,13.679,13.107,8.3669,1.4028,-2.9206
476,0.9305,13.849,13.138,8.3825,1.4041,-2.9092
477,0.9295,14.019,13.186,8.4495,1.4063,-2.8975
478,0.9285,14.205,13.252,8.4924,1.4074,-2.8853
479,0.9285,14.389,13.332,8.4251,1.4244,-2.8726
480,0.9275,14.56,13.433,8.3775,1.4261,-2.8604
481,0.927,14.717,13.554,8.3572,1.4331,-2.8479
482,0.926,14.858,13.689,8.2645,1.4334,-2.8358
483,0.925,14.992,13.834,8.2261,1.433,-2.8241
484,0.925,15.126,13.979,8.1838,1.4467,-2.8126
485,0.925,15.26,14.124,8.1909,1.4593,-2.8018
486,0.9245,15.389,14.268,8.1642,1.4644,-2.7919
487,0.9245,15.496,14.412,8.155,1.4769,-2.7826
488,0.9245,15.577,14.55,8.2377,1.4915,-2.7744
489,0.9245,15.637,14.679,8.2802,1.5076,-2.767
490,0.924,15.703,14.801,8.2899,1.5213,-2.7609
491,0.924,15.78,14.922,8.379,1.5476,-2.7553
492,0.923,15.859,15.05,8.3898,1.564,-2.7509
493,0.922,15.928,15.187,8.3998,1.5842,-2.7473
494,0.921,15.998,15.317,8.3724,1.6063,-2.7439
495,0.9205,16.071,15.436,8.4153,1.6351,-2.7404
496,0.9195,16.148,15.542,8.412,1.6591,-2.7371
497,0.9195,16.258,15.665,8.3776,1.698,-2.7336
498,0.9185,16.368,15.781,8.3501,1.7254,-2.7305
499,0.9185,16.461,15.86,8.4529,1.7649,-2.7272
500,0.9165,16.516,15.889,8.4323,1.78,-2.7248
